region,item_url,item_name,image_url,post_category,warehouse_id,item_currency,item_price,post_title,post_content,discount,item_category,item_weight,payment_method,site
hk,https://amzn.asia/d/9YxKlkp,2024å¹´è¶…å¿«é© éŸ³è³ªå¼·åŒ–ãƒ¢ãƒ‡ãƒ« ã‚¤ãƒ¤ãƒ¼ã‚«ãƒ• ã‚¤ãƒ¤ãƒ›ãƒ³,https://m.media-amazon.com/images/I/71J0J0J0J0L._AC_SL1500_.jpg,electronics,warehouse-qs-osaka,JPY,2999.0,ğŸ§ 2024å¹´è¶…å¿«é© éŸ³è³ªå¼·åŒ–æ¨¡å‹ ã‚¤ãƒ¤ãƒ¼ã‚«ãƒ• ã‚¤ãƒ¤æ©Ÿ,"
- æœ€æ–°è—ç‰™5.4æŠ€è¡“ï¼Œé€£æ¥æ›´ç©©å®š
- Hi-FiéŸ³è³ªï¼ŒéŸ³æ¨‚æ›´æ¸…æ™°
- è¼•å·§è¨­è¨ˆï¼Œç´„5.6å…‹ï¼Œä½©æˆ´èˆ’é©
- ENCé€šè©±é™å™ªï¼Œé€šè©±æ›´æ¸…æ™°
- é–‹æ”¾å¼è¨­è¨ˆï¼Œè€³æœµä¸å—å£“
- IPX5é˜²æ°´ï¼Œé‹å‹•æ™‚ç„¡éœ€æ“”å¿ƒ
- æ”¯æ´iOS/Androidï¼Œé€šå‹¤ã€é€šå­¸ã€é‹å‹•ã€éŠæˆ²éƒ½é©ç”¨

ç”¨å®¶è©•åƒ¹
ğŸ‘ éŸ³è³ªæ¸…æ™°ï¼Œä½©æˆ´èˆ’é©ï¼Œé€£æ¥ç©©å®š
âš ï¸ é›»æ± çºŒèˆªæ™‚é–“è¼ƒçŸ­ï¼Œéœ€è¦ç¶“å¸¸å……é›»",,,,,